--
-- PostgreSQL database dump
--

-- Dumped from database version 13beta3
-- Dumped by pg_dump version 13beta3

SET statement_timeout = 0;
SET lock_timeout = 0;
SET idle_in_transaction_session_timeout = 0;
SET client_encoding = 'UTF8';
SET standard_conforming_strings = on;
SELECT pg_catalog.set_config('search_path', '', false);
SET check_function_bodies = false;
SET xmloption = content;
SET client_min_messages = warning;
SET row_security = off;

SET default_tablespace = '';

SET default_table_access_method = heap;

--
-- Name: batches; Type: TABLE; Schema: public; Owner: -
--

CREATE TABLE public.batches (
    batch_id integer NOT NULL,
    batch_nr text NOT NULL,
    order_id text NOT NULL,
    item_id integer NOT NULL,
    qty integer,
    date timestamp without time zone,
    user_id integer NOT NULL
);


--
-- Name: batches_batch_id_seq; Type: SEQUENCE; Schema: public; Owner: -
--

CREATE SEQUENCE public.batches_batch_id_seq
    AS integer
    START WITH 1
    INCREMENT BY 1
    NO MINVALUE
    NO MAXVALUE
    CACHE 1;


--
-- Name: batches_batch_id_seq; Type: SEQUENCE OWNED BY; Schema: public; Owner: -
--

ALTER SEQUENCE public.batches_batch_id_seq OWNED BY public.batches.batch_id;


--
-- Name: batchorders; Type: TABLE; Schema: public; Owner: -
--

CREATE TABLE public.batchorders (
    batchorder_id integer NOT NULL,
    order_id text NOT NULL,
    batch_nr text NOT NULL,
    item_id integer NOT NULL,
    qty integer NOT NULL
);


--
-- Name: batchorders_batchorder_id_seq; Type: SEQUENCE; Schema: public; Owner: -
--

CREATE SEQUENCE public.batchorders_batchorder_id_seq
    AS integer
    START WITH 1
    INCREMENT BY 1
    NO MINVALUE
    NO MAXVALUE
    CACHE 1;


--
-- Name: batchorders_batchorder_id_seq; Type: SEQUENCE OWNED BY; Schema: public; Owner: -
--

ALTER SEQUENCE public.batchorders_batchorder_id_seq OWNED BY public.batchorders.batchorder_id;


--
-- Name: companies; Type: TABLE; Schema: public; Owner: -
--

CREATE TABLE public.companies (
    company_id integer NOT NULL,
    compname text NOT NULL,
    address text NOT NULL,
    email text NOT NULL,
    country text,
    route smallint
);


--
-- Name: companies_company_id_seq; Type: SEQUENCE; Schema: public; Owner: -
--

CREATE SEQUENCE public.companies_company_id_seq
    AS integer
    START WITH 1
    INCREMENT BY 1
    NO MINVALUE
    NO MAXVALUE
    CACHE 1;


--
-- Name: companies_company_id_seq; Type: SEQUENCE OWNED BY; Schema: public; Owner: -
--

ALTER SEQUENCE public.companies_company_id_seq OWNED BY public.companies.company_id;


--
-- Name: items; Type: TABLE; Schema: public; Owner: -
--

CREATE TABLE public.items (
    item_id integer NOT NULL,
    itemname text NOT NULL,
    price numeric NOT NULL,
    closed boolean DEFAULT false
);


--
-- Name: items_item_id_seq; Type: SEQUENCE; Schema: public; Owner: -
--

CREATE SEQUENCE public.items_item_id_seq
    AS integer
    START WITH 1
    INCREMENT BY 1
    NO MINVALUE
    NO MAXVALUE
    CACHE 1;


--
-- Name: items_item_id_seq; Type: SEQUENCE OWNED BY; Schema: public; Owner: -
--

ALTER SEQUENCE public.items_item_id_seq OWNED BY public.items.item_id;


--
-- Name: orders; Type: TABLE; Schema: public; Owner: -
--

CREATE TABLE public.orders (
    id integer NOT NULL,
    order_id text NOT NULL,
    company_id integer NOT NULL,
    item_id integer NOT NULL,
    supply boolean,
    orderdate timestamp without time zone NOT NULL,
    dispatchdate timestamp without time zone,
    qty integer NOT NULL,
    price numeric NOT NULL,
    user_id integer NOT NULL
);


--
-- Name: orders_id_seq; Type: SEQUENCE; Schema: public; Owner: -
--

CREATE SEQUENCE public.orders_id_seq
    AS integer
    START WITH 1
    INCREMENT BY 1
    NO MINVALUE
    NO MAXVALUE
    CACHE 1;


--
-- Name: orders_id_seq; Type: SEQUENCE OWNED BY; Schema: public; Owner: -
--

ALTER SEQUENCE public.orders_id_seq OWNED BY public.orders.id;


--
-- Name: shipments; Type: TABLE; Schema: public; Owner: -
--

CREATE TABLE public.shipments (
    shipment_id integer NOT NULL,
    order_id text NOT NULL,
    batchorder_id integer NOT NULL,
    user_id integer NOT NULL,
    done timestamp without time zone NOT NULL,
    collected boolean
);


--
-- Name: shipments_shipment_id_seq; Type: SEQUENCE; Schema: public; Owner: -
--

CREATE SEQUENCE public.shipments_shipment_id_seq
    AS integer
    START WITH 1
    INCREMENT BY 1
    NO MINVALUE
    NO MAXVALUE
    CACHE 1;


--
-- Name: shipments_shipment_id_seq; Type: SEQUENCE OWNED BY; Schema: public; Owner: -
--

ALTER SEQUENCE public.shipments_shipment_id_seq OWNED BY public.shipments.shipment_id;


--
-- Name: users; Type: TABLE; Schema: public; Owner: -
--

CREATE TABLE public.users (
    user_id integer NOT NULL,
    company_id integer,
    username text NOT NULL,
    pswd text NOT NULL,
    auth_lvl smallint NOT NULL
);


--
-- Name: users_user_id_seq; Type: SEQUENCE; Schema: public; Owner: -
--

CREATE SEQUENCE public.users_user_id_seq
    AS integer
    START WITH 1
    INCREMENT BY 1
    NO MINVALUE
    NO MAXVALUE
    CACHE 1;


--
-- Name: users_user_id_seq; Type: SEQUENCE OWNED BY; Schema: public; Owner: -
--

ALTER SEQUENCE public.users_user_id_seq OWNED BY public.users.user_id;


--
-- Name: batches batch_id; Type: DEFAULT; Schema: public; Owner: -
--

ALTER TABLE ONLY public.batches ALTER COLUMN batch_id SET DEFAULT nextval('public.batches_batch_id_seq'::regclass);


--
-- Name: batchorders batchorder_id; Type: DEFAULT; Schema: public; Owner: -
--

ALTER TABLE ONLY public.batchorders ALTER COLUMN batchorder_id SET DEFAULT nextval('public.batchorders_batchorder_id_seq'::regclass);


--
-- Name: companies company_id; Type: DEFAULT; Schema: public; Owner: -
--

ALTER TABLE ONLY public.companies ALTER COLUMN company_id SET DEFAULT nextval('public.companies_company_id_seq'::regclass);


--
-- Name: items item_id; Type: DEFAULT; Schema: public; Owner: -
--

ALTER TABLE ONLY public.items ALTER COLUMN item_id SET DEFAULT nextval('public.items_item_id_seq'::regclass);


--
-- Name: orders id; Type: DEFAULT; Schema: public; Owner: -
--

ALTER TABLE ONLY public.orders ALTER COLUMN id SET DEFAULT nextval('public.orders_id_seq'::regclass);


--
-- Name: shipments shipment_id; Type: DEFAULT; Schema: public; Owner: -
--

ALTER TABLE ONLY public.shipments ALTER COLUMN shipment_id SET DEFAULT nextval('public.shipments_shipment_id_seq'::regclass);


--
-- Name: users user_id; Type: DEFAULT; Schema: public; Owner: -
--

ALTER TABLE ONLY public.users ALTER COLUMN user_id SET DEFAULT nextval('public.users_user_id_seq'::regclass);


--
-- Data for Name: batches; Type: TABLE DATA; Schema: public; Owner: -
--

COPY public.batches (batch_id, batch_nr, order_id, item_id, qty, date, user_id) FROM stdin;
1	SN101020CA	752586	6	84	2020-10-10 13:16:15.157518	2
2	SN101020ID	275094	6	66	2020-10-10 13:16:19.088254	2
3	IY101020CA	620019	5	74	2020-10-10 13:16:23.149111	2
4	NL101020CA	38996	4	46	2020-10-10 13:16:26.85428	2
5	NL101020ID	616081	4	104	2020-10-10 13:16:35.691371	2
\.


--
-- Data for Name: batchorders; Type: TABLE DATA; Schema: public; Owner: -
--

COPY public.batchorders (batchorder_id, order_id, batch_nr, item_id, qty) FROM stdin;
\.


--
-- Data for Name: companies; Type: TABLE DATA; Schema: public; Owner: -
--

COPY public.companies (company_id, compname, address, email, country, route) FROM stdin;
1	Labadie Group	8717 Brentwood Park	mdonati0@archive.org	DO	3
2	Barrows, O'Reilly and Klocko	533 Ronald Regan Court	etowsey1@i2i.jp	CN	14
3	Cassin and Sons	6 Maryland Point	flythgoe2@angelfire.com	ID	9
4	Crooks-Douglas	05 Little Fleur Road	gfenge3@answers.com	TH	17
5	Conroy-Tremblay	5 Montana Hill	gcarle4@symantec.com	TJ	18
6	Kovacek-Gutkowski	85611 Laurel Court	nbockh5@ask.com	BR	17
7	Bailey-Emmerich	263 Eggendart Court	rparlet6@skype.com	NA	4
8	Jerde, Yundt and Nikolaus	42661 Badeau Avenue	cbuy7@google.co.uk	ID	9
9	Kovacek and Sons	64540 Heffernan Terrace	vpetrillo8@ameblo.jp	CN	16
10	Ankunding, Johnston and Lebsack	0988 Tomscot Avenue	epaolillo9@liveinternet.ru	JM	2
11	Frami-Klein	68557 Havey Drive	tabbysa@sohu.com	ID	11
12	Heller-Weber	79649 Kipling Crossing	vchatinb@soundcloud.com	CN	9
13	Williamson-Rolfson	14126 Monument Place	jlafeec@tumblr.com	US	6
14	Jacobs-Flatley	15 Mockingbird Center	kgoldsbroughd@army.mil	TZ	16
15	Gottlieb LLC	59631 Colorado Avenue	rivanuschkae@linkedin.com	CN	11
16	Windler-Rogahn	2881 Carioca Street	aarnoldf@usnews.com	PL	7
17	Bashirian, Rice and Bailey	520 Hanson Avenue	acastong@npr.org	US	5
18	Corkery-Harris	61 Kedzie Center	arobineth@google.fr	KH	12
19	Skiles-Weimann	2263 Del Mar Hill	fwaterlandi@stanford.edu	CA	19
20	Mante-Lowe	3549 Evergreen Parkway	dglazej@networkadvertising.org	ID	1
21	Mehupojat OY	Mehupoikatie 3	osto@mehupojat.fi	FI	3
\.


--
-- Data for Name: items; Type: TABLE DATA; Schema: public; Owner: -
--

COPY public.items (item_id, itemname, price, closed) FROM stdin;
1	Tea - Jasmin Green	0.92	f
2	Grapes - Red	0.76	f
3	Coffee - Ristretto Coffee Capsule	1.36	f
4	Nantucket - 518ml	1.07	f
5	Ice Cream - Strawberry	3.07	f
6	Spinach - Frozen	0.76	f
7	Pea - Snow	1.1	f
8	Cranberries - Dry	1.41	f
9	Dried Cranberries	2.83	f
10	Grapefruit - Pink	2.67	f
11	Grapefruit - Yellow	1.33	f
\.


--
-- Data for Name: orders; Type: TABLE DATA; Schema: public; Owner: -
--

COPY public.orders (id, order_id, company_id, item_id, supply, orderdate, dispatchdate, qty, price, user_id) FROM stdin;
1	795798	8	10	f	2019-12-16 12:59:22	2020-08-11 13:09:00	123	2.85	4
2	807846	9	5	f	2020-05-07 04:30:28	2019-11-28 20:41:41	143	2.71	4
3	4668	9	5	f	2020-05-21 05:46:08	2020-05-09 08:02:20	49	1.86	4
4	203642	20	8	f	2019-11-25 01:28:46	2019-10-08 14:19:09	123	2.39	4
5	378987	11	2	f	2020-03-03 14:14:52	2020-04-14 08:19:15	58	1.62	4
6	630914	19	9	f	2019-12-20 03:43:37	2020-02-07 14:05:59	108	2.14	4
7	415491	3	3	f	2020-02-18 17:10:45	2020-05-29 04:00:06	140	1.7	4
8	456575	11	9	f	2020-01-05 11:07:23	2020-08-01 19:16:58	37	2.82	4
9	958617	5	3	f	2020-03-10 10:26:37	2020-08-24 01:20:52	96	1.74	4
10	922448	14	6	f	2020-04-20 13:39:31	2020-09-26 01:54:30	51	2.96	4
11	401252	19	10	f	2020-04-14 02:25:14	2020-04-02 06:56:52	50	2.57	4
12	472926	6	2	f	2020-05-28 00:48:38	2020-03-23 07:50:53	15	1.57	4
13	407077	10	9	f	2020-01-13 01:45:20	2020-04-10 11:56:01	64	2.51	4
14	382276	2	10	f	2020-06-06 20:20:51	2020-07-19 10:17:01	130	1.74	4
15	101018	8	3	f	2020-03-30 12:05:44	2020-08-10 00:39:03	32	2.04	4
16	120275	3	4	f	2020-01-12 07:30:52	2020-09-23 21:19:34	29	2.03	4
17	350320	7	5	f	2020-03-09 16:20:21	2019-11-18 10:28:43	130	1.4	4
18	60750	12	6	f	2019-11-26 08:03:50	2020-04-24 21:07:37	108	1.47	4
19	566089	3	6	f	2019-10-22 08:31:32	2020-05-06 07:55:04	25	1.29	4
20	803629	17	9	f	2020-01-31 19:03:25	2020-01-06 22:10:01	97	2.63	4
21	321791	11	9	f	2020-09-22 01:03:15	2020-03-13 03:31:50	119	1.15	4
22	967325	8	5	f	2020-07-28 07:36:55	2020-05-30 03:21:04	85	1.58	4
23	188928	9	4	f	2019-12-02 08:24:24	2020-03-09 23:52:07	111	1.73	4
24	219155	17	1	f	2020-09-21 19:26:34	2019-10-23 17:25:49	27	1.77	4
25	584743	4	10	f	2020-07-14 05:28:02	2020-02-09 16:23:11	103	2.37	4
26	29952	16	2	f	2020-04-11 08:44:10	2020-04-05 05:20:51	124	2.85	4
27	324447	5	9	f	2020-08-10 01:26:43	2020-03-13 05:41:10	36	2.42	4
28	480374	9	5	f	2019-10-29 23:28:39	2020-09-05 07:58:00	138	1.83	4
29	869198	17	3	f	2020-09-09 04:26:39	2020-03-18 01:06:26	64	1.54	4
30	926588	16	10	f	2019-10-26 06:34:05	2020-07-20 00:24:36	32	2.54	4
31	269820	9	10	t	2020-08-09 12:22:56	\N	43	1.64	5
34	461076	13	1	t	2020-08-05 20:47:41	\N	71	2.56	5
35	188719	18	10	t	2020-01-24 18:49:59	\N	119	1.78	5
36	19624	10	6	t	2020-06-27 13:15:32	\N	81	1.74	5
38	115806	1	8	t	2020-01-16 03:34:24	\N	132	2.8	5
39	532903	17	1	t	2020-02-07 16:22:46	\N	45	2.79	5
40	77245	5	5	t	2020-01-30 09:12:22	\N	100	2.27	5
41	53451	19	6	t	2020-04-26 15:50:55	\N	99	1.53	5
42	782312	16	4	t	2020-05-24 11:25:09	\N	25	1.51	5
43	622187	6	8	t	2020-05-17 06:41:00	\N	76	1.62	5
44	597852	3	3	t	2020-09-19 10:28:50	\N	73	1.04	5
45	468271	13	5	t	2020-08-31 05:27:42	\N	134	1.34	5
47	269729	11	10	t	2020-08-14 05:33:12	\N	80	1.58	5
48	243755	7	2	t	2020-09-19 11:54:12	\N	43	2.02	5
49	682215	15	5	t	2020-01-16 11:21:20	\N	29	2.65	5
50	19153	12	8	t	2019-12-29 20:02:01	\N	67	1.54	5
51	29234	1	3	t	2020-02-16 15:24:40	\N	143	1.76	5
53	569284	2	4	t	2020-03-16 00:48:42	\N	27	2.35	5
54	912335	10	3	t	2020-01-14 05:43:24	\N	82	2.91	5
55	619267	5	10	t	2020-03-15 22:13:00	\N	133	2.86	5
56	184552	2	6	t	2020-03-09 17:47:26	\N	74	1.55	5
57	747545	8	6	t	2020-04-17 03:25:13	\N	100	1.32	5
58	324141	15	10	t	2019-12-24 12:57:26	\N	19	2.54	5
59	990580	9	6	t	2020-08-02 06:40:09	\N	74	2.39	5
60	371918	15	4	t	2020-04-26 03:09:41	\N	78	1.82	5
61	7425172	21	10	t	2020-10-10 13:09:47.179432	2020-10-11 13:09:47.179432	111	1.02	5
62	7065440	21	11	t	2020-10-10 13:15:38.783072	2020-10-11 13:15:38.783072	111	1.08	5
32	752586	19	6	t	2019-10-19 15:24:56	\N	0	1.95	5
37	275094	3	6	t	2019-11-17 22:44:46	\N	0	1.48	5
52	620019	19	5	t	2019-11-20 21:18:36	\N	0	2.58	5
46	38996	19	4	t	2019-12-07 02:06:54	\N	0	2.85	5
33	616081	20	4	t	2019-12-19 05:43:59	\N	0	2.37	5
63	9905340	21	8	f	2020-10-10 13:34:33.602042	2020-10-11 13:34:33.602042	111	1.41	7
64	9648020	21	2	f	2020-10-15 12:39:41.148597	2020-10-16 12:39:41.148597	11	1.22	4
\.


--
-- Data for Name: shipments; Type: TABLE DATA; Schema: public; Owner: -
--

COPY public.shipments (shipment_id, order_id, batchorder_id, user_id, done, collected) FROM stdin;
\.


--
-- Data for Name: users; Type: TABLE DATA; Schema: public; Owner: -
--

COPY public.users (user_id, company_id, username, pswd, auth_lvl) FROM stdin;
1	17	asiakas	pbkdf2:sha256:150000$gIYwSqNi$2075a6d901645193ddfe6957286cc0bae266f3565a8ee4181b2f0f746de8c0b3	1
3	\N	keraily	pbkdf2:sha256:150000$g2bsEmcq$a618b67daddb86e4ecceee3736b7fd8989c3aaa05aeea9f43f0062ca0f85ba66	3
4	\N	myynti	pbkdf2:sha256:150000$MtU2PXXi$3ff60b700f60b4ad3b99e721da67d44f8eca5d67dac126f07b32c25cbe31e684	4
5	\N	osto	pbkdf2:sha256:150000$7Bjb98Le$98f8a7623e5806528bd8aae6841ae499695af945a9b68c4e334e24489b105deb	5
6	\N	kontrolleri	pbkdf2:sha256:150000$F1lxBXs6$aac3395ce18a9ab3080c7b730c0437abe1a8ac8b46fb3f6199bab16bad789171	6
7	21	mehupojat	pbkdf2:sha256:150000$qbQhAdQ8$e81441656d38de5f3dcf95c9a2a9e6018cc0a057a272412c5afe5459b3465268	1
8	\N	varasto2	pbkdf2:sha256:150000$Da4dsuEh$9ec2110a6eacdf5ff25ebece86cb26d170321bdef1da11f0b518b6ee9727131d	2
2	\N	varasto	pbkdf2:sha256:150000$CFudLCHc$c3c6abf7fc25a057d1cefbc67d23c451d5f395ce0980a1ee9b3412968ea75315	2
9	\N	osto2	pbkdf2:sha256:150000$4uIvzoQ1$11ceb4ebbd2bdce0dd38c084c407d847a4c16362ee1bf3d0bb43771336899a37	5
\.


--
-- Name: batches_batch_id_seq; Type: SEQUENCE SET; Schema: public; Owner: -
--

SELECT pg_catalog.setval('public.batches_batch_id_seq', 5, true);


--
-- Name: batchorders_batchorder_id_seq; Type: SEQUENCE SET; Schema: public; Owner: -
--

SELECT pg_catalog.setval('public.batchorders_batchorder_id_seq', 1, false);


--
-- Name: companies_company_id_seq; Type: SEQUENCE SET; Schema: public; Owner: -
--

SELECT pg_catalog.setval('public.companies_company_id_seq', 21, true);


--
-- Name: items_item_id_seq; Type: SEQUENCE SET; Schema: public; Owner: -
--

SELECT pg_catalog.setval('public.items_item_id_seq', 11, true);


--
-- Name: orders_id_seq; Type: SEQUENCE SET; Schema: public; Owner: -
--

SELECT pg_catalog.setval('public.orders_id_seq', 64, true);


--
-- Name: shipments_shipment_id_seq; Type: SEQUENCE SET; Schema: public; Owner: -
--

SELECT pg_catalog.setval('public.shipments_shipment_id_seq', 1, false);


--
-- Name: users_user_id_seq; Type: SEQUENCE SET; Schema: public; Owner: -
--

SELECT pg_catalog.setval('public.users_user_id_seq', 9, true);


--
-- Name: batches batches_pkey; Type: CONSTRAINT; Schema: public; Owner: -
--

ALTER TABLE ONLY public.batches
    ADD CONSTRAINT batches_pkey PRIMARY KEY (batch_id);


--
-- Name: batchorders batchorders_pkey; Type: CONSTRAINT; Schema: public; Owner: -
--

ALTER TABLE ONLY public.batchorders
    ADD CONSTRAINT batchorders_pkey PRIMARY KEY (batchorder_id);


--
-- Name: companies companies_pkey; Type: CONSTRAINT; Schema: public; Owner: -
--

ALTER TABLE ONLY public.companies
    ADD CONSTRAINT companies_pkey PRIMARY KEY (company_id);


--
-- Name: items items_pkey; Type: CONSTRAINT; Schema: public; Owner: -
--

ALTER TABLE ONLY public.items
    ADD CONSTRAINT items_pkey PRIMARY KEY (item_id);


--
-- Name: orders orders_pkey; Type: CONSTRAINT; Schema: public; Owner: -
--

ALTER TABLE ONLY public.orders
    ADD CONSTRAINT orders_pkey PRIMARY KEY (id);


--
-- Name: shipments shipments_pkey; Type: CONSTRAINT; Schema: public; Owner: -
--

ALTER TABLE ONLY public.shipments
    ADD CONSTRAINT shipments_pkey PRIMARY KEY (shipment_id);


--
-- Name: users users_pkey; Type: CONSTRAINT; Schema: public; Owner: -
--

ALTER TABLE ONLY public.users
    ADD CONSTRAINT users_pkey PRIMARY KEY (user_id);


--
-- Name: batch_nr_idx; Type: INDEX; Schema: public; Owner: -
--

CREATE INDEX batch_nr_idx ON public.batches USING btree (batch_nr);


--
-- Name: order_id_idx; Type: INDEX; Schema: public; Owner: -
--

CREATE INDEX order_id_idx ON public.orders USING btree (order_id);


--
-- Name: order_idx; Type: INDEX; Schema: public; Owner: -
--

CREATE INDEX order_idx ON public.batches USING btree (order_id);


--
-- Name: shipments fk_batchorder_id; Type: FK CONSTRAINT; Schema: public; Owner: -
--

ALTER TABLE ONLY public.shipments
    ADD CONSTRAINT fk_batchorder_id FOREIGN KEY (batchorder_id) REFERENCES public.batchorders(batchorder_id);


--
-- Name: users fk_company_id; Type: FK CONSTRAINT; Schema: public; Owner: -
--

ALTER TABLE ONLY public.users
    ADD CONSTRAINT fk_company_id FOREIGN KEY (company_id) REFERENCES public.companies(company_id);


--
-- Name: orders fk_company_id; Type: FK CONSTRAINT; Schema: public; Owner: -
--

ALTER TABLE ONLY public.orders
    ADD CONSTRAINT fk_company_id FOREIGN KEY (company_id) REFERENCES public.companies(company_id);


--
-- Name: batchorders fk_item_id; Type: FK CONSTRAINT; Schema: public; Owner: -
--

ALTER TABLE ONLY public.batchorders
    ADD CONSTRAINT fk_item_id FOREIGN KEY (item_id) REFERENCES public.items(item_id);


--
-- Name: orders fk_item_id; Type: FK CONSTRAINT; Schema: public; Owner: -
--

ALTER TABLE ONLY public.orders
    ADD CONSTRAINT fk_item_id FOREIGN KEY (item_id) REFERENCES public.items(item_id);


--
-- Name: batches fk_user_id; Type: FK CONSTRAINT; Schema: public; Owner: -
--

ALTER TABLE ONLY public.batches
    ADD CONSTRAINT fk_user_id FOREIGN KEY (user_id) REFERENCES public.users(user_id);


--
-- Name: shipments fk_user_id; Type: FK CONSTRAINT; Schema: public; Owner: -
--

ALTER TABLE ONLY public.shipments
    ADD CONSTRAINT fk_user_id FOREIGN KEY (user_id) REFERENCES public.users(user_id);


--
-- Name: orders fk_user_id; Type: FK CONSTRAINT; Schema: public; Owner: -
--

ALTER TABLE ONLY public.orders
    ADD CONSTRAINT fk_user_id FOREIGN KEY (user_id) REFERENCES public.users(user_id);


--
-- PostgreSQL database dump complete
--

